ID,Name,Ref,RAdeg,DEdeg,Rad_arcmin,gmag,rmag,RVel,e_RVel,r_RVel,Notes,TotL,Rank,in_candidate_catalog,selected_085,selected_gold_silver_085,outside_10,valid_r
69900.0,Fluffy,z,199.545349,-44.157249,103.8,19.42,18.73,719.0,6.0,z,,0.992,silver,True,True,True,True,True
154980.0,KK197-01,"p,aa",200.499166,-42.535139,48.37,,,636.0,16.0,aa,,,,False,False,False,True,False
156130.0,KK197-03,"p,aa",200.510634,-42.536913,47.9,21.41,20.75,642.0,3.0,aa,,0.023,silver,True,False,False,True,True
159794.0,H12-556,"w,y,v",200.552063,-42.753072,39.41,21.29,20.63,,,,,0.8793,silver,True,True,True,True,True
160341.0,KKs55-02,ab,200.557787,-42.734733,39.66,,,531.0,15.0,ab,,,,False,False,False,True,False
183480.0,KV19-212,z,200.790878,-43.874443,56.25,18.28,17.53,535.0,2.0,z,1.0,0.9947,gold,True,True,True,True,True
194226.0,32,"i,k,n,o,y",200.9097,-42.773027,25.31,18.86,18.22,497.0,33.0,o,1.0,1.0,gold,True,True,True,True,True
195812.0,C40,"f,g,i,k,n,o,y",200.926424,-43.160459,20.56,19.37,18.64,443.0,48.0,o,,1.0,gold,True,True,True,True,True
196535.0,VHH81-01,"b,c,g,i,n,o,r,s,x,y",200.934075,-43.186591,20.89,18.12,17.38,645.0,10.0,s,3.0,1.0,bronze,True,True,False,True,True
196891.0,GC0563,"r,y",200.937603,-43.01983,18.65,19.67,18.85,533.0,35.0,r,1.0,1.0,gold,True,True,True,True,True
197798.0,GC0564,"r,y",200.947621,-43.071602,18.33,21.25,20.27,357.0,66.0,r,,1.0,silver,True,True,True,True,True
198648.0,pff-gc-001,"g,i,n,o,y",200.956716,-43.242202,21.73,19.38,18.55,702.0,47.0,o,1.0,0.9974,gold,True,True,True,True,True
198996.0,GC0480,"r,y",200.960409,-43.195503,20.11,21.91,21.07,646.0,61.0,r,,1.0,bronze,True,True,False,True,True
200443.0,GC0481,"r,y",200.975773,-43.36572,26.13,22.67,21.65,512.0,84.0,r,,1.0,bronze,True,True,False,True,True
202278.0,GC0010,"n,o,r,y",200.994863,-43.026354,16.13,19.47,18.44,496.0,21.0,r,1.0,1.0,gold,True,True,True,True,True
202555.0,pff-gc-002,"g,i,n,o,r,y",200.997931,-43.291394,22.22,19.97,19.22,652.0,37.0,r,,0.9999,silver,True,True,True,True,True
203990.0,pff-gc-003,"g,i,n,o,y",201.013483,-43.470498,30.32,19.75,19.02,771.0,69.0,o,1.0,0.9968,gold,True,True,True,True,True
204178.0,pff-gc-004,"g,n,o,y",201.015561,-43.598156,37.1,20.38,19.69,634.0,71.0,o,,0.05802,gold,True,False,False,True,True
204289.0,GC0482,"r,y",201.01664,-43.288983,21.54,22.63,21.84,599.0,105.0,r,,1.0,bronze,True,True,False,True,True
206709.0,GC0483,"r,y",201.041147,-43.377495,24.96,21.88,20.95,756.0,37.0,r,,1.0,bronze,True,True,False,True,True
207128.0,GC0018,"n,o,r,y",201.045682,-43.214673,17.62,21.05,20.16,439.0,118.0,r,,0.9868,silver,True,True,True,True,True
207137.0,GC0484,"r,y",201.045773,-43.204387,17.24,21.66,20.74,498.0,22.0,r,,0.8535,silver,True,True,True,True,True
208280.0,GC0485,"r,y",201.057364,-43.092595,13.83,21.03,20.22,388.0,20.0,r,,,,False,False,False,True,True
209945.0,HHH86-28,"c,g,i,n,o,y",201.075249,-42.816931,18.11,18.91,18.23,499.0,48.0,o,1.0,1.0,gold,True,True,True,True,True
210278.0,pff-gc-005,"g,i,n,o,r,y",201.078809,-43.241715,17.61,20.74,19.96,749.0,32.0,r,,1.0,bronze,True,True,False,True,True
210501.0,GC0486,"r,y",201.081075,-42.908749,14.45,19.98,19.18,554.0,11.0,r,,0.9988,silver,True,True,True,True,True
210609.0,GC0567,"r,y",201.082151,-42.845484,16.7,20.67,19.83,189.0,34.0,r,,0.9979,silver,True,True,True,True,True
210967.0,GC0487,"r,y",201.085888,-43.135539,13.57,21.0,20.11,576.0,16.0,r,,1.0,bronze,True,True,False,True,True
211291.0,22,"i,j,k,n,o,r,y",201.089224,-43.043612,12.0,18.42,17.77,596.0,17.0,r,,0.9979,silver,True,True,True,True,True
212144.0,pff-gc-006,"g,i,k,n,o,r,y",201.09876,-43.131146,12.95,19.55,18.95,613.0,16.0,r,,0.9966,silver,True,True,True,True,True
212348.0,pff-gc-007,"g,i,k,n,o,r,y",201.100639,-42.905691,13.82,20.62,19.77,616.0,25.0,r,,1.0,bronze,True,True,False,True,True
212887.0,GC0025,"n,o,y",201.106457,-43.359846,22.55,19.82,18.87,835.0,83.0,o,,1.0,silver,True,True,True,True,True
213445.0,C111,"l,n,y",201.112386,-43.288872,18.82,21.89,21.3,,,,,1.0,bronze,True,True,False,True,True
213535.0,GC0488,"r,y",201.11344,-42.9571,11.85,21.95,21.17,559.0,35.0,r,,1.0,bronze,True,True,False,True,True
213920.0,GC0568,"r,y",201.117472,-43.026789,10.75,20.84,19.98,211.0,16.0,r,,1.0,bronze,True,True,False,True,True
214002.0,GC0028,"n,o,r,x,y",201.118451,-42.96469,11.48,20.5,19.89,558.0,97.0,r,1.0,0.993,gold,True,True,True,True,True
214293.0,pff-gc-008,"g,i,n,o,y",201.121645,-43.365677,22.53,20.34,19.46,520.0,80.0,o,1.0,0.9823,gold,True,True,True,True,True
214298.0,GC0030,"n,o,y",201.121725,-43.143498,12.43,20.78,19.96,600.0,58.0,o,1.0,0.9905,gold,True,True,True,True,True
214408.0,GC0569,"r,y",201.123034,-43.000961,10.68,19.98,19.18,586.0,30.0,r,,0.02297,gold,True,False,False,True,True
214478.0,122,"i,n,o,r,x,y",201.123775,-43.03513,10.46,20.49,19.79,595.0,202.0,r,1.0,0.9962,gold,True,True,True,True,True
215088.0,pff-gc-009,"g,i,k,n,o,r,y",201.130543,-43.190781,13.85,20.11,19.47,734.0,25.0,r,,0.9997,silver,True,True,True,True,True
215446.0,81,"i,j,n,o,r,y",201.134014,-43.182469,13.41,19.85,19.19,775.0,32.0,r,,0.9997,gold,True,True,True,True,True
,C112,"l,n,y",201.136129,-43.313556,19.5,22.15,21.37,,,,,,,False,False,False,True,True
216007.0,N12,"k,r,y",201.140128,-43.200433,13.96,21.01,20.35,546.0,9.0,r,,0.9958,silver,True,True,True,True,True
216619.0,GC0570,"r,y",201.146403,-42.966532,10.3,20.36,19.7,297.0,21.0,r,,1.0,silver,True,True,True,True,True
217309.0,pff-gc-011,"g,i,l,n,o,r,y",201.153593,-43.32116,19.52,19.33,18.63,570.0,31.0,r,1.0,1.0,gold,True,True,True,True,True
217335.0,GC0571,"r,y",201.154018,-43.308833,18.86,20.85,19.96,926.0,44.0,r,1.0,0.9781,gold,True,True,True,True,True
217458.0,GC0572,"r,u,y",201.155638,-43.10869,10.12,21.19,20.38,183.0,49.0,r,,0.7625,silver,True,False,False,True,True
217604.0,C113,"l,n,r,y",201.157332,-43.274018,16.99,19.89,19.19,212.0,10.0,r,,1.0,gold,True,True,True,True,True
,pff-gc-012,"g,i,n,u,y",201.161475,-43.107393,9.86,19.99,19.12,573.0,21.0,n,,,,False,False,False,False,True
218050.0,C41,"f,g,h,m,n,o,r,s,x,y",201.162394,-43.335105,20.09,19.01,18.13,361.0,10.0,s,,0.6618,gold,True,False,False,True,True
218585.0,HHH86-29,"c,f,g,h,i,l,m,n,o,r,s,x,y",201.168272,-43.301452,18.18,18.54,17.52,724.0,10.0,s,1.0,1.0,gold,True,True,True,True,True
218589.0,pff-gc-013,"g,n,o,y",201.168363,-43.584691,34.13,19.31,18.49,839.0,63.0,o,1.0,1.0,gold,True,True,True,True,True
218609.0,C114,"l,n,u,y",201.168625,-42.893092,11.98,,,,,,,,,False,False,False,True,False
,GC0445,"q,r,u,y",201.168823,-43.032416,8.49,21.05,20.27,325.0,29.0,r,,,,False,False,False,False,True
218650.0,51,"i,j,k,n,o,r,y",201.169159,-43.221638,14.1,19.53,18.54,699.0,17.0,r,1.0,1.0,gold,True,True,True,True,True
218734.0,GC0573,"r,y",201.170052,-42.683759,22.63,19.22,18.36,517.0,25.0,r,,0.05278,gold,True,False,False,True,True
,pff-gc-014,"g,i,n,o,u,y",201.171003,-42.996765,8.69,20.67,19.93,718.0,59.0,o,,,,False,False,False,False,True
,pff-gc-015,"g,i,n,o,q,r,u,y",201.171622,-43.029332,8.37,19.52,18.89,518.0,18.0,r,,,,False,False,False,False,True
219001.0,192,"i,k,r,y",201.172963,-43.214762,13.67,21.12,20.49,506.0,41.0,r,,0.9945,silver,True,True,True,True,True
219354.0,GC0417,"r,u,x,y",201.176668,-42.863608,13.06,19.94,19.32,634.0,26.0,r,,0.2983,gold,True,False,False,True,True
219834.0,pff-gc-016,"g,i,l,n,o,r,u,x,y",201.181621,-42.885316,11.92,20.34,19.54,509.0,15.0,r,1.0,0.9993,gold,True,True,True,True,True
,pff-gc-017,"g,i,n,q,u,y",201.181749,-42.9712,8.77,19.89,19.26,442.0,53.0,q,,,,False,False,False,False,True
,GC0574,"r,y",201.184424,-42.981737,8.41,21.33,20.54,512.0,30.0,r,,,,False,False,False,False,True
,75,"i,j,n,q,r,x,y",201.185778,-43.046455,7.78,19.48,18.7,718.0,16.0,r,,,,False,False,False,False,True
,154,"i,r,u,x,y",201.186576,-43.109231,8.94,20.67,19.8,374.0,30.0,r,,,,False,False,False,False,True
,GC0052,"n,o,q,u,x,y",201.188934,-42.992625,8.0,19.55,19.17,276.0,59.0,o,,,,False,False,False,False,True
,GC0053,"n,o,q,r,u,x,y",201.190671,-43.040134,7.54,20.45,19.55,503.0,17.0,r,,,,False,False,False,False,True
,HGHH-G19,"d,f,g,i,n,o,r,u,x,y",201.193521,-43.069882,7.72,19.46,18.85,712.0,20.0,r,,,,False,False,False,False,True
,HGHH-9,"d,g,i,n,u,y",201.194589,-43.021772,7.4,19.3,18.67,501.0,21.0,n,,,,False,False,False,False,True
,pff-gc-018,"g,i,j,n,o,q,r,u,y",201.196174,-43.100463,8.32,19.47,18.55,528.0,12.0,r,,,,False,False,False,False,True
,HGHH-G277,"d,f,g,i,n,o,q,u,y",201.197348,-42.974939,8.05,19.5,18.83,714.0,31.0,q,,,,False,False,False,False,True
,91,"i,j,n,o,u,x,y",201.197365,-42.964193,8.35,20.22,19.4,666.0,56.0,o,,,,False,False,False,False,True
221332.0,GC0490,"r,u,y",201.197524,-43.166604,10.76,21.31,20.47,568.0,22.0,r,,0.9759,silver,True,True,True,True,True
221399.0,GC0059,"n,o,r,y",201.19829,-43.18015,11.35,20.05,19.36,344.0,37.0,r,1.0,0.9998,gold,True,True,True,True,True
,HHH86-10,"c,g,i,j,n,o,r,u,y",201.200161,-43.137276,9.45,18.88,18.13,786.0,18.0,r,,,,False,False,False,False,True
221785.0,119,"i,l,n,r,u,y",201.202982,-42.876508,11.74,20.32,19.71,509.0,59.0,r,,0.9997,silver,True,True,True,True,True
,pff-gc-019,"g,i,n,q,r,u,y",201.203999,-42.963438,8.13,19.36,18.74,611.0,17.0,r,,,,False,False,False,False,True
,148,"i,n,o,r,u,y",201.205708,-43.138235,9.3,20.69,20.02,567.0,76.0,r,,,,False,False,False,False,True
,163,"i,n,o,r,u,x,y",201.208654,-43.126716,8.75,20.71,20.28,594.0,36.0,r,,,,False,False,False,False,True
,GC0446,"q,r,u,y",201.21027,-43.080846,7.25,20.29,19.37,370.0,20.0,r,,,,False,False,False,False,True
,pff-gc-020,"g,i,n,q,x,y",201.210296,-42.996933,7.03,19.84,19.21,250.0,48.0,q,,,,False,False,False,False,True
,HGHH-42,"d,g,i,n,o,r,u,y",201.211895,-43.023016,6.63,19.35,18.51,550.0,10.0,r,,,,False,False,False,False,True
,GC0447,q,201.212047,-42.999608,6.9,21.57,20.99,607.0,77.0,q,,,,False,False,False,False,True
222849.0,HHH86-2,"c,f,g,h,i,j,n,o,r,y",201.214509,-43.203093,12.05,18.82,18.13,624.0,13.0,r,,0.02843,gold,True,False,False,True,True
,C100,f,201.215833,-43.076028,6.91,,,,,,,,,False,False,False,False,False
,HGHH-G302,"d,f,g,i,n,q,r,u,y",201.221996,-43.076318,6.67,19.59,18.94,485.0,23.0,r,,,,False,False,False,False,True
,GC0448,"q,r,u,y",201.223517,-42.966389,7.31,21.11,20.31,633.0,23.0,r,,,,False,False,False,False,True
,140,"i,q,r,u,y",201.224898,-43.012107,6.17,20.7,19.84,362.0,22.0,r,,,,False,False,False,False,True
,pff-gc-021,"g,i,l,n,r,u,y",201.225696,-42.913991,9.36,19.56,18.97,564.0,33.0,r,,,,False,False,False,False,True
,pff-gc-022,"g,i,n,o,q,u,x,y",201.226327,-43.054294,6.1,20.18,19.62,557.0,60.0,q,,,,False,False,False,False,True
223957.0,HHH86-30,"c,g,i,j,l,n,o,r,u,y",201.226479,-42.890175,10.47,17.68,16.98,745.0,7.0,r,,0.0004717,silver,True,False,False,True,True
,GC0075,"n,o,r,u,x,y",201.22698,-43.092967,6.92,20.48,19.61,695.0,45.0,r,,,,False,False,False,False,True
224029.0,pff-gc-023,"g,i,l,n,o,r,u,y",201.227294,-42.816263,14.32,19.93,19.31,439.0,26.0,r,,0.2563,gold,True,False,False,True,True
,HHH86-11,"c,d,f,g,h,i,j,m,n,o,q,r,s,u,x,y",201.227986,-43.022687,5.93,18.32,17.48,749.0,10.0,s,,,,False,False,False,False,True
,GC0450,q,201.229205,-43.04804,5.91,20.69,20.17,415.0,92.0,q,,,,False,False,False,False,True
224173.0,GC0491,"r,y",201.229108,-43.193578,11.23,21.39,20.54,670.0,19.0,r,,1.0,bronze,True,True,False,True,True
,GC0078,"n,o,q,y",201.230296,-43.054323,5.92,20.6,19.76,552.0,31.0,q,,,,False,False,False,False,True
224293.0,GC0419,"r,y",201.230504,-43.177568,10.39,20.98,20.12,656.0,27.0,r,,0.023,silver,True,False,False,True,True
,GC0578,"r,u,y",201.230705,-42.970827,6.9,21.47,20.62,385.0,27.0,r,,,,False,False,False,False,True
,GC0451,"q,r,u,y",201.230963,-42.996797,6.18,20.3,19.64,656.0,32.0,r,,,,False,False,False,False,True
,C116,"l,n,u,y",201.231,-43.166203,9.82,,,,,,,,,False,False,False,False,False
224431.0,pff-gc-024,"g,i,n,o,r,y",201.232066,-43.344198,19.48,20.2,19.43,279.0,38.0,r,1.0,1.0,gold,True,True,True,True,True
,LDSS2-30676,"q,r,u,x,y",201.233269,-43.037725,5.67,20.65,20.03,735.0,28.0,r,,,,False,False,False,False,True
,C117,"l,n,r,u,x,y",201.233596,-42.908194,9.41,20.33,19.47,529.0,26.0,r,,,,False,False,False,False,True
224575.0,AAT111563,"l,n,o,r,u,x,y",201.233638,-43.1712,10.0,20.63,20.21,687.0,31.0,r,,0.02299,silver,True,False,False,True,True
,HGHH-G279,"d,g,i,n,o,q,x,y",201.234406,-43.056503,5.78,19.61,19.37,338.0,54.0,o,,,,False,False,False,False,True
224777.0,GC0492,"r,y",201.235925,-43.206538,11.76,21.33,20.78,713.0,28.0,r,,0.0581,silver,True,False,False,True,True
,C118,"l,n,u,y",201.23832,-43.145195,8.63,21.82,21.02,,,,,,,False,False,False,False,True
,HHH86-31,"c,d,f,g,h,i,n,o,q,r,u,y",201.239291,-43.018916,5.47,18.89,18.04,685.0,9.0,r,,,,False,False,False,False,True
,HGHH-G369,"d,g,i,j,n,o,q,u,y",201.239621,-42.989794,6.0,19.11,18.46,481.0,22.0,q,,,,False,False,False,False,True
,pff-gc-025,"g,i,n,q,u,y",201.239762,-43.09244,6.43,20.43,19.62,864.0,30.0,q,,,,False,False,False,False,True
,220,"i,l,n,u,y",201.240391,-42.930081,8.2,20.86,20.76,,,,,,,False,False,False,False,True
,GC0452,"q,r,u,y",201.240699,-42.981,6.2,21.66,20.98,643.0,39.0,r,,,,False,False,False,False,True
,174,"i,r,u,y",201.241241,-43.118419,7.35,21.03,20.24,559.0,40.0,r,,,,False,False,False,False,True
225302.0,C120,"l,n,u,y",201.241484,-42.868045,11.26,22.34,21.57,,,,,1.0,bronze,True,True,False,True,True
,HHH86-3,"c,g,i,j,l,m,n,o,q,r,u,y",201.242543,-42.936099,7.87,18.1,17.3,561.0,1.0,r,,,,False,False,False,False,True
225436.0,GC0494,"r,y",201.242917,-43.309329,17.35,20.9,20.24,676.0,42.0,r,,0.9997,silver,True,True,True,True,True
,C121,"l,n,y",201.243416,-43.139222,8.2,,,,,,,,,False,False,False,False,False
225494.0,pff-gc-026,"g,i,n,o,y",201.243553,-42.71481,19.83,19.9,19.35,580.0,114.0,o,,1.0,silver,True,True,True,True,True
,GC0453,"q,r,u,y",201.244161,-42.971258,6.4,19.46,18.63,620.0,9.0,r,,,,False,False,False,False,True
,GC0581,"r,u,y",201.24436,-42.968191,6.5,20.65,20.15,524.0,74.0,r,,,,False,False,False,False,True
225693.0,GC0495,"r,y",201.245693,-43.191146,10.74,21.09,20.25,508.0,15.0,r,1.0,0.5945,gold,True,False,False,True,True
,C122,"l,n,y",201.245875,-43.139278,8.14,,,,,,,,,False,False,False,False,False
,209,"i,r,u,x,y",201.248263,-43.111332,6.84,21.53,20.63,726.0,30.0,r,,,,False,False,False,False,True
,GC0496,"r,u,y",201.249173,-42.959212,6.68,20.49,19.88,581.0,18.0,r,,,,False,False,False,False,True
,C123,"l,n,r,u,x,y",201.249699,-43.15238,8.67,21.15,20.5,374.0,34.0,r,,,,False,False,False,False,True
,GC0096,"n,o,u,x,y",201.250616,-42.902458,9.27,20.93,20.16,699.0,43.0,o,,,,False,False,False,False,True
226182.0,C124,"l,n,y",201.251577,-43.179711,10.02,22.38,21.9,,,,,1.0,bronze,True,True,False,True,True
,pff-gc-027,"g,i,n,o,q,r,u,x,y",201.252625,-43.091744,5.94,20.22,19.4,503.0,21.0,r,,,,False,False,False,False,True
226340.0,C125,"l,n,r,y",201.253473,-43.18628,10.33,21.5,20.83,941.0,66.0,r,,0.023,silver,True,False,False,True,True
226362.0,GC0497,"r,y",201.253743,-43.352118,19.69,21.49,20.51,478.0,21.0,r,1.0,0.7061,gold,True,False,False,True,True
,C126,"l,n,y",201.253791,-43.154028,8.65,,,,,,,,,False,False,False,False,False
,pff-gc-028,"g,i,n,r,u,y",201.254804,-42.947642,6.99,19.19,18.46,516.0,10.0,r,2.0,,,False,False,False,False,True
,GC0582,"r,u,y",201.255099,-43.067093,5.12,21.11,20.23,539.0,28.0,r,,,,False,False,False,False,True
,C127,"l,n,y",201.255508,-43.14537,8.18,22.33,21.65,,,,,,,False,False,False,False,True
,GC0498,"r,u,y",201.255662,-43.096247,6.0,21.56,20.69,472.0,36.0,r,,,,False,False,False,False,True
,C128,"l,n,u,y",201.256125,-43.142494,8.02,21.98,21.11,,,,,,,False,False,False,False,True
,pff-gc-029,"g,i,l,n,r,u,x,y",201.256653,-42.911317,8.68,19.39,19.23,603.0,32.0,r,,,,False,False,False,False,True
226626.0,C129,"l,n,u,y",201.256779,-42.847558,12.09,21.68,20.93,,,,,0.9256,silver,True,True,True,True,True
,pff-gc-030,"g,i,n,q,x,y",201.257162,-43.002731,4.97,20.35,19.47,306.0,48.0,q,,,,False,False,False,False,True
,HHH86-4,"c,d,g,i,j,l,n,o,u,x,y",201.257563,-43.157065,8.71,18.35,17.72,724.0,46.0,o,,,,False,False,False,False,True
,GC0499,"r,u,y",201.25759,-43.063361,4.93,21.69,20.86,600.0,35.0,r,,,,False,False,False,False,True
226711.0,C130,"l,n,r,u,x,y",201.257755,-42.874367,10.6,20.64,20.03,635.0,73.0,r,,0.9916,silver,True,True,True,True,True
,GC0583,"r,u,y",201.259158,-42.947628,6.86,21.04,20.33,602.0,84.0,r,,,,False,False,False,False,True
227051.0,pff-gc-031,"g,i,l,n,r,x,y",201.261453,-43.189257,10.33,19.8,19.17,456.0,26.0,r,1.0,0.9999,gold,True,True,True,True,True
,GC0454,"q,r,y",201.261766,-43.034556,4.42,20.22,19.37,399.0,24.0,r,,,,False,False,False,False,True
,HGHH-G176,"d,g,i,n,o,q,r,u,y",201.263016,-42.940278,7.09,19.4,18.59,523.0,8.0,r,,,,False,False,False,False,True
,HGHH-G66,"d,g,i,n,q,r,u,y",201.263199,-43.050694,4.47,19.15,18.36,577.0,5.0,r,,,,False,False,False,False,True
,pff-gc-032,"g,i,n,o,r,u,y",201.263472,-42.961243,6.14,20.14,19.44,648.0,29.0,r,,,,False,False,False,False,True
227278.0,pff-gc-033,"g,i,n,y",201.263862,-43.257613,14.11,19.91,19.01,531.0,18.0,n,1.0,1.0,gold,True,True,True,True,True
227290.0,HHH86-32,"c,f,g,h,i,j,l,n,o,r,u,y",201.264023,-42.846102,12.05,18.9,18.05,718.0,10.0,r,,0.04636,gold,True,False,False,True,True
227289.0,pff-gc-034,"g,i,l,n,y",201.264006,-43.194362,10.56,20.25,19.61,605.0,46.0,n,,0.9963,silver,True,True,True,True,True
,GC0500,"r,u,y",201.265047,-43.027944,4.29,21.25,20.69,386.0,52.0,r,,,,False,False,False,False,True
227405.0,C131,"l,n,r,u,x,y",201.265303,-42.85601,11.48,20.98,20.38,425.0,34.0,r,,0.9998,silver,True,True,True,True,True
,GC0116,"n,o,q,u,y",201.267205,-43.005444,4.51,19.66,19.02,733.0,54.0,q,,,,False,False,False,False,True
227608.0,GC0423,"r,y",201.267847,-43.286355,15.71,21.49,20.77,524.0,41.0,r,,0.7411,silver,True,False,False,True,True
,pff-gc-035,"g,i,l,n,o,r,x,y",201.268586,-43.180141,9.7,20.2,19.37,626.0,22.0,r,,,,False,False,False,False,True
,HGHH-43,"d,g,i,l,n,o,r,u,y",201.269991,-43.160792,8.64,18.98,18.32,481.0,10.0,r,,,,False,False,False,False,True
,7,"i,j,n,q,r,u,y",201.270928,-42.954215,6.23,17.86,17.14,677.0,7.0,r,,,,False,False,False,False,True
,GC0455,"q,r,y",201.270977,-43.026,4.04,20.97,20.17,498.0,27.0,r,,,,False,False,False,False,True
,HGHH-G35,"d,g,i,n,q,r,u,x,y",201.271986,-42.968252,5.58,20.06,19.29,787.0,19.0,r,,,,False,False,False,False,True
228034.0,pff-gc-036,"g,i,n,o,r,y",201.272683,-43.234055,12.65,19.32,18.58,679.0,13.0,r,,0.0004444,gold,True,False,False,True,True
,HHH86-12,"c,d,g,i,l,m,n,r,s,x,y",201.273746,-43.175226,9.34,18.39,17.57,436.0,10.0,s,,,,False,False,False,False,True
,HGHH-G342,"d,g,j,n,o,q,y",201.274249,-42.9835,4.9,18.61,17.84,481.0,27.0,q,,,,False,False,False,False,True
228303.0,GC0501,"r,y",201.275612,-42.771849,16.16,21.11,20.34,564.0,71.0,r,,0.8767,silver,True,True,True,True,True
228330.0,HHH86-13,"g,i,j,n,o,r,y",201.275954,-43.253218,13.7,19.03,18.19,597.0,10.0,r,1.0,1.0,gold,True,True,True,True,True
,GC0502,"r,u,y",201.277819,-43.149512,7.88,21.85,20.95,240.0,53.0,r,,,,False,False,False,False,True
,GC0456,"q,r,y",201.278006,-42.988083,4.6,19.03,18.48,443.0,19.0,r,,,,False,False,False,False,True
,GC0457,"q,r,u,y",201.278447,-42.95892,5.8,20.62,19.76,587.0,25.0,r,,,,False,False,False,False,True
,LDSS2-20871,"q,r,u,y",201.278698,-43.0445,3.73,20.04,19.39,354.0,14.0,r,,,,False,False,False,False,True
,GC0127,"n,o,q,u,x,y",201.280502,-43.105715,5.62,20.44,19.71,700.0,36.0,q,,,,False,False,False,False,True
,R276,"g,n,r,u,x,y",201.280519,-43.141559,7.4,21.13,20.47,550.0,28.0,r,,,,False,False,False,False,True
,GC0503,"r,y",201.280746,-43.056639,3.84,20.52,19.95,670.0,41.0,r,,,,False,False,False,False,True
228812.0,pff-gc-037,"g,i,n,r,x,y",201.281173,-43.208196,11.06,20.81,20.14,548.0,21.0,r,1.0,0.9993,gold,True,True,True,True,True
,18,"i,j,n,q,r,u,x,y",201.281834,-43.020889,3.62,18.62,17.77,689.0,11.0,r,,,,False,False,False,False,True
,GC0458,"q,r,u,y",201.282141,-42.930413,7.12,21.32,21.04,533.0,32.0,r,,,,False,False,False,False,True
,47,"i,j,l,n,q,r,u,y",201.285499,-43.049278,3.5,19.36,18.53,361.0,12.0,r,,,,False,False,False,False,True
,pff-gc-038,"g,i,n,q,u,y",201.286722,-43.070806,4.0,19.76,18.96,436.0,16.0,q,,,,False,False,False,False,True
,R271,"g,l,n,u,x,y",201.286662,-43.152657,7.87,19.76,19.14,436.0,45.0,n,,,,False,False,False,False,True
,f2.GC-70,"i,l,r,u,y",201.28725,-43.148238,7.62,20.62,20.12,678.0,26.0,r,,,,False,False,False,False,True
,f2.GC-69,"i,l,r,u,y",201.287804,-43.167212,8.65,20.35,19.61,552.0,26.0,r,,,,False,False,False,False,True
,GC0134,"n,o,q,y",201.288309,-42.983111,4.44,18.14,17.51,630.0,33.0,q,,,,False,False,False,False,True
,pff-gc-040,"g,i,n,r,u,y",201.289711,-42.921783,7.43,19.44,18.85,448.0,23.0,r,,,,False,False,False,False,True
,LDSS2-34333,"q,r,u,x,y",201.290026,-43.0772,4.11,20.86,20.26,648.0,19.0,r,,,,False,False,False,False,True
,HGHH-G329,"d,g,i,n,o,u,y",201.292425,-43.035186,3.07,20.37,19.37,485.0,34.0,o,,,,False,False,False,False,True
,GC0138,"n,o,r,u,y",201.292791,-42.89248,9.0,18.21,17.43,416.0,8.0,r,,,,False,False,False,False,True
229997.0,HHH86-14,"c,g,i,j,l,n,o,y",201.293726,-42.747983,17.4,18.45,17.74,723.0,41.0,o,1.0,1.0,gold,True,True,True,True,True
,AAT113992,"l,n,o,u,x,y",201.293738,-43.056669,3.31,20.84,20.05,648.0,58.0,o,,,,False,False,False,False,True
,C133,"l,n,u,y",201.296102,-43.025529,2.95,20.23,19.27,,,,,,,False,False,False,False,True
230226.0,H12-69,"w,y,z",201.296298,-43.509212,28.68,,,548.0,1.0,z,,,,False,False,False,True,False
,pff-gc-041,"g,i,j,l,n,q,r,u,x,y",201.296487,-43.052661,3.11,19.87,19.24,426.0,21.0,r,,,,False,False,False,False,True
,HGHH-G327,"d,g,i,n,o,r,u,x,y",201.299843,-43.072031,3.58,20.3,19.46,622.0,18.0,r,,,,False,False,False,False,True
,HGHH-G81,"d,g,i,n,q,r,u,y",201.300432,-42.956994,5.34,18.99,18.28,490.0,10.0,r,,,,False,False,False,False,True
230667.0,pff-gc-042,"g,i,n,o,r,y",201.300822,-43.276057,14.79,19.24,18.54,573.0,16.0,r,1.0,1.0,gold,True,True,True,True,True
,GC0147,"n,o,u,x,y",201.301402,-42.968781,4.72,20.86,20.14,754.0,143.0,o,,,,False,False,False,False,True
230749.0,pff-gc-043,"g,i,n,o,r,y",201.301817,-43.235389,12.39,19.71,18.95,526.0,33.0,r,,1.0,silver,True,True,True,True,True
,GC0505,"r,u,y",201.302909,-43.032194,2.61,20.67,19.85,578.0,20.0,r,,,,False,False,False,False,True
,f2.GC-63,"i,r,y",201.303217,-43.178745,9.08,21.32,20.49,280.0,29.0,r,,,,False,False,False,False,True
,88,"i,j,n,r,u,x,y",201.303517,-42.94994,5.64,19.89,19.28,664.0,141.0,r,,,,False,False,False,False,True
,R261,"g,m,n,o,q,r,s,u,x,y",201.303686,-43.1331,6.5,18.65,17.89,612.0,10.0,s,,,,False,False,False,False,True
,GC0507,"r,u,y",201.304338,-42.932285,6.59,20.36,19.78,461.0,27.0,r,,,,False,False,False,False,True
231013.0,pff-gc-044,"g,i,j,n,r,y",201.30492,-43.27653,14.79,19.62,18.94,568.0,53.0,r,1.0,1.0,gold,True,True,True,True,True
,C134,"l,n,u,y",201.30509,-43.042008,2.57,21.09,20.48,,,,,,,False,False,False,False,True
231059.0,pff-gc-045,"g,i,n,r,u,x,y",201.30548,-42.87006,10.12,20.09,19.27,474.0,23.0,r,,0.1381,silver,True,False,False,True,True
231201.0,GC0509,"r,y",201.307063,-42.675718,21.61,21.62,21.0,306.0,35.0,r,,,,False,False,False,True,True
,GC0508,"r,y",201.307083,-42.793576,14.6,22.24,21.63,326.0,71.0,r,,,,False,False,False,True,True
,R259,"g,n,q,r,u,x,y",201.307777,-43.125703,6.02,21.19,20.49,623.0,29.0,r,,,,False,False,False,False,True
,GC0585,"r,u,y",201.308656,-43.045194,2.46,20.61,20.02,510.0,82.0,r,,,,False,False,False,False,True
,C136,"l,n,y",201.308686,-43.059722,2.83,21.73,21.06,,,,,,,False,False,False,False,True
,C135,"l,n,r,y",201.308688,-43.01425,2.63,19.34,18.77,577.0,55.0,r,,,,False,False,False,False,True
,LDSS2-30585,"q,r,u,x,y",201.309132,-43.079619,3.61,20.62,20.06,858.0,30.0,r,,,,False,False,False,False,True
,78,"i,j,n,o,q,r,u,y",201.30937,-43.123203,5.85,20.01,19.14,616.0,18.0,r,,,,False,False,False,False,True
,GC0161,"n,o,q,u,x,y",201.31295,-42.96265,4.78,20.56,19.99,541.0,61.0,q,,,,False,False,False,False,True
231719.0,pff-gc-047,"g,i,n,r,u,y",201.313017,-42.841715,11.71,20.23,19.59,716.0,55.0,r,1.0,0.4756,gold,True,False,False,True,True
,R257,"g,n,u,x,y",201.313462,-43.144221,6.97,21.28,20.49,339.0,51.0,n,,,,False,False,False,False,True
231988.0,pff-gc-048,"g,i,n,o,y",201.315828,-42.82083,12.93,20.29,19.71,483.0,116.0,o,1.0,1.0,gold,True,True,True,True,True
,GC0164,"n,o,q,r,u,x,y",201.316321,-43.100931,4.51,20.87,20.14,570.0,32.0,r,,,,False,False,False,False,True
,pff-gc-049,"g,i,n,q,r,u,x,y",201.316915,-43.085131,3.68,19.98,19.3,707.0,19.0,r,,,,False,False,False,False,True
,C137,"l,n,r,y",201.31694,-43.038611,2.01,19.64,18.93,467.0,34.0,r,,,,False,False,False,False,True
,HHH86-5,"c,g,m,n,o,y",201.317181,-42.882779,9.26,17.89,17.29,563.0,41.0,o,,,,False,False,False,False,True
,HCH99-1,"e,g,m,n,o,y",201.317575,-42.995389,3.02,19.62,18.91,629.0,78.0,o,,,,False,False,False,False,True
232153.0,HHH86-33,"c,g,j,n,o,r,y",201.317766,-42.848099,11.3,18.87,18.24,566.0,13.0,r,1.0,0.9998,gold,True,True,True,True,True
,GC0171,s,201.318333,-43.035194,1.94,,,296.0,10.0,s,,,,False,False,False,False,False
,GC0586,"r,u,y",201.31893,-43.103361,4.59,21.1,20.27,679.0,45.0,r,,,,False,False,False,False,True
,HCH02,"g,n,o,x,y",201.319486,-43.03575,1.88,19.05,18.32,483.0,50.0,o,,,,False,False,False,False,True
232318.0,pff-gc-050,"g,n,r,y",201.319685,-42.838393,11.86,20.78,20.07,711.0,30.0,r,,0.9988,silver,True,True,True,True,True
,C138,"l,n,u,y",201.320525,-43.052189,2.15,20.92,20.28,,,,,,,False,False,False,False,True
,R254,"g,n,o,r,u,y",201.32061,-43.15778,7.67,19.79,19.13,561.0,26.0,r,,,,False,False,False,False,True
,C139,"l,n,r,x,y",201.321117,-43.045731,1.95,19.77,18.95,655.0,16.0,r,,,,False,False,False,False,True
,HGHH-G219,"d,g,n,o,y",201.322097,-42.979611,3.69,19.3,18.45,534.0,28.0,o,,,,False,False,False,False,True
,R253,"g,n,o,r,y",201.322165,-43.144162,6.86,20.02,19.38,485.0,52.0,r,,,,False,False,False,False,True
,C140,"l,n,y",201.322674,-43.057,2.24,20.67,19.96,,,,,,,False,False,False,False,True
,GC0459,"q,u,y",201.323674,-42.937162,6.03,22.06,21.3,458.0,72.0,q,,,,False,False,False,False,True
,GC0510,"r,u,y",201.323714,-42.882326,9.24,21.29,20.63,670.0,45.0,r,,,,False,False,False,False,True
,C141,"l,n,y",201.325602,-43.047472,1.82,21.57,20.92,,,,,,,False,False,False,False,True
,63,"i,j,n,r,u,y",201.326167,-42.884639,9.08,19.46,18.74,384.0,16.0,r,,,,False,False,False,False,True
232888.0,GC0511,"r,y",201.326295,-42.79794,14.23,21.78,21.02,487.0,39.0,r,,0.9607,silver,True,True,True,True,True
,AAT115339,"l,n,o,r,u,x,y",201.326815,-43.0694,2.65,20.43,19.74,618.0,108.0,r,,,,False,False,False,False,True
,C142,"l,n,r,y",201.327144,-43.021111,1.72,18.51,17.52,548.0,19.0,r,,,,False,False,False,False,True
233113.0,GC0512,"r,y",201.328917,-42.65105,23.0,20.51,19.88,631.0,31.0,r,,1.0,silver,True,True,True,True,True
,HGHH-G331,"d,g,n,o,r,y",201.331212,-43.041222,1.44,19.3,18.79,371.0,14.0,r,,,,False,False,False,False,True
,GC0185,"n,o,u,y",201.332594,-42.974244,3.79,21.02,20.23,514.0,46.0,o,,,,False,False,False,False,True
,R247,"g,n,q,u,y",201.333149,-43.128834,5.85,20.61,19.79,723.0,33.0,q,,,,False,False,False,False,True
,GC0587,"r,u,y",201.333605,-43.052778,1.71,20.67,19.85,278.0,37.0,r,,,,False,False,False,False,True
233578.0,GC0513,"r,y",201.33379,-43.372707,20.38,21.07,20.37,844.0,54.0,r,,0.8931,silver,True,True,True,True,True
,GC0460,"q,r,u,y",201.335098,-43.102556,4.3,20.89,20.05,737.0,17.0,r,,,,False,False,False,False,True
,175,"i,n,o,r,u,x,y",201.335175,-42.902328,7.96,20.84,20.26,855.0,73.0,r,,,,False,False,False,False,True
,f2.GC-46,"i,n,o,q,r,u,x,y",201.336265,-43.109981,4.72,21.09,20.14,817.0,47.0,r,,,,False,False,False,False,True
233815.0,GC0514,"r,y",201.336462,-42.696438,20.26,20.84,20.08,518.0,19.0,r,1.0,1.0,gold,True,True,True,True,True
234051.0,65,"i,j,n,o,r,y",201.338846,-42.821654,12.76,19.77,19.03,450.0,15.0,r,1.0,1.0,gold,True,True,True,True,True
234049.0,GC0190,"n,o,y",201.338826,-43.3998,21.99,20.43,19.6,254.0,169.0,o,,1.0,silver,True,True,True,True,True
234372.0,GC0428,"r,y",201.342354,-43.277468,14.65,20.44,19.77,417.0,47.0,r,,0.7379,silver,True,False,False,True,True
,VHH81-06,"b,c,d,g,i,j,l,m,n,o,y",201.342458,-43.046,1.15,,,790.0,44.0,o,,,,False,False,False,False,False
234435.0,pff-gc-051,"g,i,n,o,r,y",201.343065,-43.250044,13.01,20.17,19.32,451.0,30.0,r,1.0,1.0,gold,True,True,True,True,True
,GC0429,"r,u,x,y,z",201.345363,-43.136148,6.19,19.54,18.46,146.0,110.0,r,,,,False,False,False,False,True
,GC0515,"r,y",201.346186,-43.105806,4.38,21.44,20.64,591.0,29.0,r,,,,False,False,False,False,True
,C143,"l,n,q,y",201.346731,-43.053583,1.38,21.58,21.16,328.0,81.0,q,,,,False,False,False,False,True
234812.0,GC0516,"r,y",201.347181,-42.813272,13.23,19.87,19.18,527.0,11.0,r,,1.0,silver,True,True,True,True,True
,GC0461,"q,u,y",201.349972,-43.062528,1.82,21.17,20.54,527.0,74.0,q,,,,False,False,False,False,True
,GC0430,"r,u,y",201.351614,-42.954667,4.75,19.91,19.08,503.0,75.0,r,,,,False,False,False,False,True
,f2.GC-40,"i,n,o,r,u,x,y",201.351654,-43.133013,5.98,19.9,19.17,542.0,34.0,r,,,,False,False,False,False,True
235358.0,GC0517,"r,y",201.353161,-43.227053,11.61,20.79,20.07,798.0,60.0,r,,1.0,silver,True,True,True,True,True
235610.0,GC0518,"r,y",201.35574,-42.824327,12.56,21.61,20.99,589.0,63.0,r,,0.023,silver,True,False,False,True,True
,GC0196,"n,o,u,y",201.355789,-42.972629,3.67,20.79,20.06,550.0,40.0,o,,,,False,False,False,False,True
,138,"i,j,n,o,q,r,u,x,y",201.356246,-42.94199,5.5,20.41,19.8,597.0,34.0,r,,,,False,False,False,False,True
,pff-gc-052,"g,i,l,n,q,r,u,x,y",201.357261,-43.087939,3.26,20.22,19.61,534.0,31.0,r,,,,False,False,False,False,True
,C144,"l,n,y",201.359591,-43.077361,2.62,22.24,21.37,,,,,,,False,False,False,False,True
,f2.GC-36,"i,n,o,x,y",201.3615,-43.148155,6.87,20.1,19.47,267.0,71.0,o,,,,False,False,False,False,True
,121,"i,j,n,o,r,u,x,y",201.361614,-42.877727,9.35,20.11,19.55,508.0,40.0,r,,,,False,False,False,False,True
,R235,"g,i,n,o,r,u,x,y",201.361752,-43.161253,7.65,19.85,19.28,524.0,23.0,r,,,,False,False,False,False,True
,GC0520,"r,u,y",201.363313,-42.977194,3.38,21.16,20.38,572.0,48.0,r,,,,False,False,False,False,True
,GC0463,"q,r,u,y",201.363699,-42.974667,3.53,20.14,19.34,237.0,30.0,r,,,,False,False,False,False,True
,GC0464,"q,r,u,y",201.364349,-42.925018,6.51,21.4,20.63,461.0,35.0,r,,,,False,False,False,False,True
,57,"i,j,l,n,o,q,r,u,y",201.366608,-43.067278,2.02,19.65,18.81,715.0,10.0,r,,,,False,False,False,False,True
,HCH13,"g,n,o,y",201.369531,-43.048611,0.95,19.58,18.71,613.0,37.0,o,,,,False,False,False,False,True
236838.0,103,"i,r,x,y",201.369712,-42.836726,11.81,19.99,19.42,646.0,24.0,r,,0.9998,silver,True,True,True,True,True
,149,"i,r,u,y",201.370054,-42.887733,8.76,20.76,19.98,176.0,24.0,r,,,,False,False,False,False,True
,40,"i,j,n,o,q,u,y",201.371904,-42.963083,4.24,18.92,18.27,658.0,32.0,q,,,,False,False,False,False,True
,172,"i,n,o,u,x,y",201.372545,-42.890417,8.6,20.8,20.18,446.0,61.0,o,,,,False,False,False,False,True
,HGHH-G169,"d,g,i,n,q,u,x,y",201.372615,-42.969369,3.87,19.96,19.1,660.0,34.0,q,,,,False,False,False,False,True
,f2.GC-31,"i,l,w,y",201.372777,-43.128232,5.69,21.0,20.38,,,,,,,False,False,False,False,True
,pff-gc-053,"g,i,n,q,u,y",201.373445,-42.912328,7.29,19.73,18.92,390.0,18.0,q,,,,False,False,False,False,True
,R229,"g,n,x,y",201.373922,-43.19524,9.7,20.02,19.39,517.0,66.0,n,,,,False,False,False,False,True
,HCH99-15,"e,m,n,x,y",201.374166,-43.001944,1.96,,,519.0,1.0,n,,,,False,False,False,False,False
,157,"i,l,n,u,x,y",201.374514,-43.0859,3.18,20.83,20.12,,,,,,,False,False,False,False,True
,GC0213,s,201.374583,-43.001083,2.02,,,519.0,10.0,s,,,,False,False,False,False,False
,28,"i,j,n,o,q,u,y",201.375335,-42.946344,5.26,18.82,18.05,761.0,13.0,q,,,,False,False,False,False,True
237299.0,GC0522,"r,y",201.375412,-43.375909,20.54,21.36,20.51,573.0,48.0,r,,0.8307,silver,True,False,False,True,True
,155,"i,r,u,y",201.375651,-42.900241,8.02,20.63,20.03,1051.0,52.0,r,,,,False,False,False,False,True
,f2.GC-28,"i,l,q,u,y",201.375769,-43.115,4.92,21.92,21.18,642.0,58.0,q,,,,False,False,False,False,True
,HCH99-16,"e,g,m,n,o,s,x,y",201.376211,-42.993,2.51,19.19,18.63,459.0,11.0,s,,,,False,False,False,False,True
,GC0466,"q,y",201.376421,-43.095139,3.74,20.98,20.37,379.0,50.0,q,,,,False,False,False,False,True
,HHH86-15,"g,i,j,m,n,o,r,s,x,y",201.376686,-43.197127,9.82,18.98,18.18,640.0,10.0,s,,,,False,False,False,False,True
,C147,"l,n,u,x,y",201.377788,-43.063089,1.88,20.72,20.07,,,,,,,False,False,False,False,True
237523.0,pff-gc-055,"g,i,n,o,r,y",201.378072,-42.80369,13.81,20.13,19.7,484.0,47.0,r,,0.9992,bronze,True,True,False,True,True
237531.0,GC0221,"n,o,y",201.378132,-42.504413,31.75,19.1,18.68,288.0,61.0,o,,,,False,False,False,True,True
,GC0467,"q,y",201.379033,-42.976917,3.47,19.39,19.06,209.0,33.0,q,,,,False,False,False,False,True
237640.0,10,"i,j,n,o,y",201.379341,-42.837435,11.79,17.61,16.95,412.0,71.0,o,,1.0,silver,True,True,True,True,True
,AAT117287,"l,n,o,r,y",201.379465,-43.071389,2.38,20.92,20.02,554.0,60.0,r,,,,False,False,False,False,True
,GC0468,"q,u,y",201.380298,-42.929911,6.27,21.93,21.12,372.0,68.0,q,,,,False,False,False,False,True
,HGHH-G292,"d,g,i,n,y",201.381178,-42.968972,3.96,20.53,19.66,655.0,43.0,n,,,,False,False,False,False,True
,HCH99-18,"e,g,m,n,o,s,x,y",201.381665,-43.000778,2.14,17.83,17.23,452.0,10.0,s,,,,False,False,False,False,True
,142,"i,n,o,q,u,x,y",201.382213,-42.920995,6.81,20.39,19.76,636.0,133.0,o,,,,False,False,False,False,True
237907.0,C44,"f,g,h,i,j,m,n,o,r,s,x,y",201.382236,-43.32296,17.38,18.97,18.19,496.0,11.0,s,1.0,1.0,gold,True,True,True,True,True
,GC0469,q,201.382317,-42.999278,2.23,20.67,19.92,377.0,39.0,q,,,,False,False,False,False,True
,185,"i,l,n,u,x,y",201.382338,-43.0961,3.84,20.5,20.17,,,,,,,False,False,False,False,True
,R224,"g,l,n,r,u,x,y",201.384742,-43.121402,5.35,20.44,19.87,456.0,20.0,r,,,,False,False,False,False,True
,HGHH-G359,"d,g,i,n,o,q,r,y",201.385087,-42.980611,3.33,19.31,18.51,489.0,14.0,r,,,,False,False,False,False,True
,pff-gc-056,"g,i,j,n,q,u,y",201.386696,-42.940074,5.71,18.95,18.35,254.0,33.0,q,,,,False,False,False,False,True
,R223,"g,l,m,n,o,q,s,u,x,y",201.386666,-43.117283,5.13,19.18,18.46,776.0,10.0,s,,,,False,False,False,False,True
,66,"i,l,n,o,q,u,y",201.386985,-43.074778,2.68,19.86,19.0,607.0,23.0,q,,,,False,False,False,False,True
,f2.GC-21,"i,r,u,y",201.38797,-43.156,7.42,21.19,20.61,351.0,69.0,r,,,,False,False,False,False,True
,GC0470,"q,u",201.387972,-42.915893,7.15,21.28,20.65,624.0,74.0,q,,,,False,False,False,False,True
,f2.GC-20,"i,l,w",201.388146,-43.117,5.12,21.85,21.12,,,,,,,False,False,False,False,True
,pff-gc-057,"g,i,n,r,x,y",201.388221,-42.9842,3.17,20.82,19.93,518.0,10.0,r,,,,False,False,False,False,True
,f2.GC-18,"i,l",201.390294,-43.121985,5.43,21.91,21.27,,,,,,,False,False,False,False,True
,C150,"l,n,r,u,y",201.390937,-43.047111,1.48,22.54,20.45,607.0,31.0,r,,,,False,False,False,False,True
,C151,"l,n,r,u,x,y",201.391418,-43.064269,2.23,21.29,20.25,299.0,67.0,r,,,,False,False,False,False,True
238727.0,GC0524,"r,y",201.391463,-42.860916,10.43,21.35,20.76,527.0,61.0,r,,0.023,silver,True,False,False,True,True
,MAGJM-11,"g,n,o,y",201.391419,-42.994278,2.67,19.54,18.72,508.0,51.0,o,,,,False,False,False,False,True
,f2.GC-17,"i,r,u,x,y",201.392,-43.179361,8.83,,,396.0,84.0,r,,,,False,False,False,False,False
,HGHH-G206,"d,g,i,n,q,y",201.392091,-42.983528,3.27,19.55,18.76,716.0,34.0,q,,,,False,False,False,False,True
,HGHH-45,"g,i,n,o,q,u,x,y",201.39273,-42.949694,5.2,19.2,18.63,591.0,39.0,q,,,,False,False,False,False,True
238884.0,54,"i,j,n,o,r,y",201.393213,-42.851626,11.0,19.39,18.69,270.0,27.0,r,1.0,0.9999,gold,True,True,True,True,True
,GC0242,s,201.393333,-43.057361,1.96,,,661.0,10.0,s,,,,False,False,False,False,False
,HCH99-21,"e,m",201.393333,-43.058333,2.0,,,662.0,1.0,m,,,,False,False,False,False,False
,HCH21,"g,i,l,n,o,r,x,y",201.394369,-43.057694,2.0,19.14,18.43,662.0,1.0,r,,,,False,False,False,False,True
,C154,"l,n,q,y",201.394634,-43.058389,2.04,20.42,19.69,719.0,86.0,q,,,,False,False,False,False,True
239126.0,HHH86-16,"c,g,n,o,y",201.395898,-42.601351,25.97,18.93,18.29,552.0,37.0,o,1.0,0.9965,gold,True,True,True,True,True
,pff-gc-058,"g,i,j,n,o,q,r,u,y",201.396374,-42.945864,5.46,18.99,18.4,333.0,14.0,r,,,,False,False,False,False,True
,GC0246,"n,o,r,u,x,y",201.39651,-42.883568,9.12,20.82,19.96,593.0,43.0,r,,,,False,False,False,False,True
,35,"i,j,l,n,q,u,y",201.397083,-43.091399,3.78,,,599.0,17.0,q,,,,False,False,False,False,False
,MAGJM-08,"g,i,n,o,q,y",201.397921,-42.993111,2.88,19.95,19.12,730.0,31.0,q,,,,False,False,False,False,True
,R215,"g,n,o,r,u,x,y",201.398506,-43.143574,6.78,21.17,20.45,542.0,56.0,r,,,,False,False,False,False,True
,f2.GC-14,"i,l,w",201.39962,-43.121116,5.49,21.61,20.74,,,,,,,False,False,False,False,True
,R213,"g,n,u,y",201.399704,-43.124426,5.68,21.48,20.62,532.0,52.0,n,,,,False,False,False,False,True
,139,"i,n,o,u,x,y",201.400297,-42.894495,8.51,20.59,19.82,609.0,116.0,o,,,,False,False,False,False,True
,GC0433,"r,y",201.400458,-42.938,5.97,,,575.0,56.0,r,,,,False,False,False,False,False
,C155,"l,n,u,y",201.402037,-43.134267,6.29,22.03,21.41,,,,,,,False,False,False,False,True
,MAGJM-06,"g,i,n,o,y",201.40288,-42.999778,2.69,19.31,18.46,487.0,37.0,o,,,,False,False,False,False,True
239961.0,GC0525,"r,y",201.404978,-42.723248,18.71,21.52,20.77,551.0,41.0,r,,1.0,bronze,True,True,False,True,True
,AAT118198,"l,n,o,q,u,y",201.406112,-43.095806,4.19,20.15,19.28,524.0,18.0,q,,,,False,False,False,False,True
240139.0,GC0526,"r,y",201.406899,-42.65892,22.56,21.05,20.5,512.0,29.0,r,,0.9957,bronze,True,True,False,True,True
,GC0434,"r,u,y",201.407752,-42.941098,5.89,19.35,18.57,480.0,16.0,r,,,,False,False,False,False,True
240331.0,R209,"g,n,o,r,x,y",201.408878,-43.217307,11.2,21.01,20.28,558.0,43.0,r,,0.9964,silver,True,True,True,True,True
,GC0589,"r,u,y",201.409506,-42.914907,7.41,20.82,19.97,686.0,98.0,r,,,,False,False,False,False,True
,315,"i,l,n,r,u,y",201.410234,-43.058028,2.54,19.72,19.16,574.0,106.0,r,,,,False,False,False,False,True
,GC0435,"r,u,x,y",201.410574,-42.955528,5.13,20.28,19.45,706.0,63.0,r,,,,False,False,False,False,True
,HGHH-G268,"d,g,i,n,y",201.410867,-42.988778,3.42,19.34,18.61,436.0,43.0,n,,,,False,False,False,False,True
,C158,"l,n,u,x,y",201.411587,-43.092919,4.15,20.82,20.11,,,,,,,False,False,False,False,True
,C159,"l,n,r,u,x,y",201.413286,-43.076061,3.37,21.05,20.22,354.0,140.0,r,,,,False,False,False,False,True
,MAGJM-01,"g,n,o,y",201.413858,-43.013556,2.55,20.12,19.33,603.0,48.0,o,,,,False,False,False,False,True
,GC0527,"r,y",201.414234,-42.973361,4.26,20.53,19.93,301.0,19.0,r,,,,False,False,False,False,True
,pff-gc-059,"g,i,l,n,o,u,y",201.415196,-43.067039,3.05,20.38,19.58,557.0,49.0,o,,,,False,False,False,False,True
,HHH86-17,"c,f,g,h,i,j,m,n,o,q,r,s,u,x,y",201.415552,-42.93307,6.46,17.99,17.32,787.0,10.0,s,,,,False,False,False,False,True
,HHH86-18,"c,g,i,j,l,m,n,o,q,u,y",201.416148,-43.083861,3.81,17.87,17.22,442.0,7.0,q,,,,False,False,False,False,True
,C160,"l,n,r,y",201.416936,-43.051972,2.63,20.13,19.69,480.0,256.0,r,,,,False,False,False,False,True
,R204,"g,l,n,r,x,y",201.418906,-43.121607,5.82,20.21,19.4,443.0,23.0,r,,,,False,False,False,False,True
,C101,"f,i,n,r,u,y",201.419033,-42.933607,6.49,20.94,20.18,631.0,91.0,r,,,,False,False,False,False,True
241201.0,HHH86-34,"c,g,i,n,o,r,y",201.41916,-43.353833,19.36,18.78,17.88,631.0,9.0,r,,0.02807,gold,True,False,False,True,True
,238,"i,l,n,u,y",201.420333,-43.083394,3.91,21.13,20.7,,,,,,,False,False,False,False,True
,R203,"g,l,n,o,q,r,u,y",201.420448,-43.137773,6.74,20.12,19.57,446.0,31.0,r,,,,False,False,False,False,True
,GC0273,"n,o,q,r,x,y",201.422325,-42.969131,4.67,20.51,19.74,774.0,35.0,r,,,,False,False,False,False,True
,C163,"l,n,r,u,x,y",201.423492,-43.062719,3.19,21.11,20.41,701.0,43.0,r,,,,False,False,False,False,True
,LDSS2-14627,"q,r,y",201.423833,-42.975444,4.4,19.51,18.73,456.0,10.0,r,,,,False,False,False,False,True
,R202,"g,n,o,u,y",201.424968,-43.178275,9.09,19.74,19.11,279.0,60.0,o,,,,False,False,False,False,True
,C164,"l,n,r,u,y",201.425374,-43.055417,3.04,20.47,19.8,536.0,25.0,r,,,,False,False,False,False,True
,GC0471,"q,r,u,y",201.425478,-42.956642,5.37,19.93,19.49,275.0,24.0,r,,,,False,False,False,False,True
,HGHH-G370,"d,g,i,n,o,q,x,y",201.426052,-42.988019,3.9,18.78,18.08,471.0,24.0,q,,,,False,False,False,False,True
,pff-gc-060,"g,i,j,n,q,x,y",201.426803,-42.984019,4.1,19.21,18.48,848.0,22.0,q,,,,False,False,False,False,True
,153,"i,l,n,o,q,u,y",201.427168,-43.061528,3.28,20.95,20.06,385.0,87.0,o,,,,False,False,False,False,True
241962.0,pff-gc-061,"g,i,n,o,y",201.427667,-42.752975,17.07,20.61,20.0,508.0,71.0,o,1.0,0.9251,gold,True,True,True,True,True
,GC0473,"q,u,y",201.429541,-43.001431,3.51,,,318.0,71.0,q,,,,False,False,False,False,False
,pff-gc-062,"g,i,n,q,r,y",201.43011,-42.977056,4.5,19.87,19.03,691.0,19.0,r,,,,False,False,False,False,True
,HHH86-19,"c,g,i,j,l,n,o,q,r,y",201.430833,-43.123013,6.14,18.48,17.79,613.0,6.0,r,,,,False,False,False,False,True
,C165,"l,n,r,u,y",201.431023,-43.082361,4.18,19.19,18.38,316.0,14.0,r,,,,False,False,False,False,True
,pff-gc-063,"g,i,l,n,r,u,y",201.432514,-43.131921,6.64,20.1,19.57,534.0,58.0,r,,,,False,False,False,False,True
242451.0,pff-gc-064,"g,i,j,n,o,r,x,y",201.432921,-42.84514,11.72,20.04,19.37,579.0,20.0,r,1.0,0.991,gold,True,True,True,True,True
,GC0474,q,201.436142,-42.973333,4.84,20.71,20.11,376.0,75.0,q,,,,False,False,False,False,True
,C166,"l,n,y",201.437092,-43.072528,4.01,22.16,21.28,,,,,,,False,False,False,False,True
,GC0437,"r,u,x,y",201.438485,-42.906602,8.31,21.0,20.16,490.0,113.0,r,,,,False,False,False,False,True
,33,"i,j,n,q,r,u,x,y",201.441314,-42.955584,5.81,18.63,18.09,286.0,63.0,n,,,,False,False,False,False,True
243238.0,GC0438,"r,x,y",201.44132,-42.861436,10.89,20.4,19.57,837.0,59.0,r,1.0,0.8564,gold,True,True,True,True,True
,C167,"l,n,u,y",201.44153,-43.112607,5.86,21.14,20.49,,,,,,,False,False,False,False,True
,96,"i,j,n,q,r,u,x,y",201.441706,-42.948037,6.19,19.97,19.37,606.0,30.0,r,,,,False,False,False,False,True
,GC0292,"n,o,q,r,y",201.441877,-43.140131,7.27,20.16,19.36,595.0,14.0,r,,,,False,False,False,False,True
,HGHH-G378,"d,g,n,o,y",201.442168,-43.023028,3.55,20.14,19.29,515.0,43.0,o,,,,False,False,False,False,True
,GC0475,"q,y",201.443095,-43.079056,4.46,21.06,20.29,550.0,55.0,q,,,,False,False,False,False,True
,HGHH-G284,"d,g,i,l,n,o,q,r,u,x,y",201.444119,-42.950784,6.12,20.36,19.56,471.0,10.0,r,,,,False,False,False,False,True
,GC0296,"n,o,r,u,y",201.444478,-42.896768,8.96,20.52,19.72,633.0,108.0,r,,,,False,False,False,False,True
,pff-gc-065,"g,i,n,r,u,y",201.445488,-43.135177,7.09,19.65,18.9,417.0,12.0,r,,,,False,False,False,False,True
243651.0,GC0590,"r,u,y",201.445724,-42.87609,10.13,20.23,19.5,355.0,66.0,r,,1.0,silver,True,True,True,True,True
,HGHH-G204,"d,g,n,o,y",201.445789,-43.034833,3.65,18.6,17.98,705.0,36.0,o,,,,False,False,False,False,True
,GC0439,"r,u,x,y",201.445875,-42.924975,7.47,,,700.0,48.0,r,,,,False,False,False,False,False
,pff-gc-066,"g,i,l,n,o,q,u,x,y",201.446432,-43.102454,5.52,20.31,19.6,515.0,28.0,q,,,,False,False,False,False,True
,GC0476,q,201.446152,-42.963752,5.58,20.03,19.47,482.0,45.0,q,,,,False,False,False,False,True
,HGHH-G357,"d,g,i,n,q,u,y",201.449081,-43.012056,4.02,20.06,19.43,748.0,33.0,q,,,,False,False,False,False,True
,GC0477,q,201.449428,-42.958852,5.87,22.17,21.33,335.0,66.0,q,,,,False,False,False,False,True
,152,"i,n,o,y",201.449646,-42.931149,7.23,20.62,19.78,448.0,90.0,o,,,,False,False,False,False,True
,GC0528,"r,u,y",201.451374,-42.918538,7.93,20.73,19.93,489.0,19.0,r,,,,False,False,False,False,True
,C168,"l,n,r,y",201.451916,-43.120139,6.5,,,650.0,28.0,r,,,,False,False,False,False,False
,HGHH-G251,"d,g,i,n,o,q,r,y",201.452259,-42.961407,5.85,19.39,18.59,592.0,8.0,r,,,,False,False,False,False,True
244336.0,pff-gc-067,"g,i,n,o,r,y",201.45323,-43.194115,10.41,19.93,19.35,631.0,42.0,r,1.0,0.2105,gold,True,False,False,True,True
,pff-gc-068,"g,i,n,o,r,u,y",201.455309,-43.039,4.08,19.89,19.22,393.0,25.0,r,,,,False,False,False,False,True
,HHH86-20,"c,g,i,j,n,o,r,x,y",201.457057,-42.913666,8.3,18.31,17.63,738.0,6.0,r,,,,False,False,False,False,True
,GC0307,"n,o,r,u,y",201.457174,-43.084635,5.15,20.61,19.76,477.0,54.0,r,,,,False,False,False,False,True
244708.0,HGHH-48,"g,i,j,n,o,r,x,y",201.457627,-42.837522,12.48,18.91,18.45,557.0,17.0,r,1.0,0.9908,gold,True,True,True,True,True
244746.0,pff-gc-069,"g,i,n,o,y",201.458092,-42.668915,22.28,20.27,19.58,510.0,71.0,o,1.0,0.9122,gold,True,True,True,True,True
244751.0,HGHH-47,"g,i,j,n,x,y",201.458126,-42.869214,10.71,19.03,18.39,589.0,22.0,n,1.0,0.9993,gold,True,True,True,True,True
244811.0,GC0591,"r,y",201.458652,-42.83278,12.76,20.34,20.03,702.0,42.0,r,,0.023,silver,True,False,False,True,True
,AAT120336,"l,n,o,u,y",201.459229,-43.102364,5.91,20.61,19.83,452.0,67.0,o,,,,False,False,False,False,True
,124,"i,j,n,o,q,r,u,x,y",201.45984,-43.068961,4.76,20.4,19.65,468.0,36.0,r,,,,False,False,False,False,True
,pff-gc-070,"g,i,n,q,r,x,y",201.460008,-42.967283,5.84,19.76,19.15,585.0,22.0,r,,,,False,False,False,False,True
,182,"i,n,o,q,u,y",201.460208,-43.008514,4.54,,,729.0,74.0,q,,,,False,False,False,False,False
,GC0529,"r,u,y",201.46063,-43.134117,7.4,20.93,20.43,720.0,80.0,r,,,,False,False,False,False,True
245020.0,GC0440,"r,y",201.460849,-42.861131,11.21,19.45,19.07,637.0,32.0,r,,0.9987,silver,True,True,True,True,True
,198,"i,l,n,u,x,y",201.462609,-42.926719,7.77,20.83,20.39,,,,,,,False,False,False,False,True
,115,"i,n,o,q,x,y",201.463744,-42.991484,5.1,20.26,19.56,316.0,39.0,q,,,,False,False,False,False,True
,pff-gc-071,"g,i,n,q,y",201.464735,-42.996333,5.01,20.12,19.52,398.0,51.0,q,,,,False,False,False,False,True
,GC0593,"r,u,y",201.466992,-42.924484,7.99,20.57,19.86,223.0,26.0,r,,,,False,False,False,False,True
,C102,"f,n,y",201.4671,-42.986906,5.37,21.82,20.98,,,,,,,False,False,False,False,True
,pff-gc-072,"g,i,n,q,r,y",201.467241,-42.975001,5.78,20.0,19.32,475.0,18.0,r,,,,False,False,False,False,True
,GC0530,"r,u,y",201.469005,-43.050028,4.77,21.52,20.63,488.0,50.0,r,,,,False,False,False,False,True
,HHH86-21,"c,f,g,h,i,j,m,n,o,r,s,u,x,y",201.469754,-43.09623,6.01,18.2,17.51,455.0,10.0,s,,,,False,False,False,False,True
,pff-gc-073,"g,i,j,n,o,q,r,x,y",201.469912,-42.978214,5.76,20.39,19.6,348.0,22.0,r,,,,False,False,False,False,True
,HGHH-G256,"d,g,i,n,o,r,u,y",201.470314,-43.033333,4.72,19.52,18.59,478.0,13.0,r,,,,False,False,False,False,True
,GC0326,s,201.472083,-42.985444,5.6,,,575.0,10.0,s,,,,False,False,False,False,False
246010.0,GC0323,"n,o,y",201.472104,-42.514613,31.51,20.65,19.94,998.0,250.0,o,1.0,0.9996,gold,True,True,True,True,True
246038.0,pff-gc-074,"g,i,n,o,r,x,y",201.472405,-42.853373,11.84,20.28,19.74,470.0,24.0,r,1.0,0.9556,gold,True,True,True,True,True
,pff-gc-075,"g,i,j,n,o,q,r,u,y",201.472883,-43.065726,5.2,19.9,19.13,728.0,13.0,r,,,,False,False,False,False,True
,HHH86-22,"c,f,g,h,i,m,n,o,q,r,y",201.47318,-42.985402,5.65,18.54,17.84,577.0,89.0,r,,,,False,False,False,False,True
246191.0,pff-gc-076,"g,i,j,n,o,r,y",201.473931,-43.330166,18.44,19.46,18.4,335.0,6.0,r,1.0,1.0,gold,True,True,True,True,True
,160,"i,l,n,o,q,u,y",201.476209,-42.939005,7.55,20.7,20.01,670.0,51.0,q,,,,False,False,False,False,True
,GC0330,s,201.47625,-42.990389,5.62,,,669.0,10.0,s,,,,False,False,False,False,False
246396.0,GC0329,"n,o,r,y",201.476569,-43.311159,17.38,20.74,19.88,673.0,1.0,r,,1.0,silver,True,True,True,True,True
,GC0441,"r,x,y",201.477046,-42.957651,6.78,20.08,19.27,603.0,10.0,r,,,,False,False,False,False,True
,HHH86-23,"c,f,g,h,i,m,n,o,q,r,y",201.477417,-42.990348,5.66,17.73,16.96,673.0,1.0,r,,,,False,False,False,False,True
,GC0531,"r,u,y",201.478223,-43.02789,5.08,21.55,20.44,341.0,23.0,r,,,,False,False,False,False,True
246558.0,218,"i,r,u,y",201.478304,-42.882503,10.39,21.52,20.69,399.0,32.0,r,,0.023,silver,True,False,False,True,True
,C103,"f,n,q,y",201.479218,-42.987156,5.82,19.44,18.58,548.0,17.0,q,,,,False,False,False,False,True
,GC0594,"r,u,y",201.479455,-43.011574,5.3,20.68,20.06,630.0,87.0,r,,,,False,False,False,False,True
,GC0533,"r,u,y",201.479607,-43.167986,9.55,21.01,20.28,354.0,25.0,r,,,,False,False,False,False,True
,GC0534,"r,u,y",201.480664,-42.894496,9.82,21.26,20.68,347.0,41.0,r,,,,False,False,False,False,True
246950.0,GC0535,"r,y",201.4825,-42.861056,11.61,,,557.0,93.0,r,,,,False,False,False,True,False
247047.0,GC0536,"r,y",201.483494,-42.773898,16.46,20.75,20.53,448.0,39.0,r,,0.023,silver,True,False,False,True,True
,C170,"l,n,y",201.483791,-42.936917,7.87,,,,,,,,,False,False,False,False,False
,GC0537,"r,u,y",201.483942,-43.048151,5.39,21.68,20.64,398.0,30.0,r,,,,False,False,False,False,True
,GC0333,"n,o,r,u,x,y",201.484348,-43.025782,5.36,20.51,20.04,438.0,80.0,r,,,,False,False,False,False,True
247274.0,53,"i,j,n,r,y",201.485899,-42.862937,11.58,19.4,18.79,403.0,16.0,r,1.0,0.9999,gold,True,True,True,True,True
247334.0,GC0538,"r,y",201.486583,-42.880111,10.7,,,511.0,11.0,r,,,,False,False,False,True,False
247470.0,GC0539,"r,y",201.488395,-42.795707,15.3,20.62,20.01,534.0,31.0,r,,0.9997,bronze,True,True,False,True,True
247489.0,GC0335,"n,o,y",201.488566,-43.685817,39.51,20.33,19.65,601.0,66.0,o,,,,False,False,False,True,True
,137,"i,r,u,y",201.490537,-43.087009,6.45,20.46,19.59,410.0,37.0,r,,,,False,False,False,False,True
,221,"i,l,n,y",201.49079,-42.926652,8.53,21.4,20.7,,,,,,,False,False,False,False,True
247752.0,C172,"l,n,y",201.491451,-42.884518,10.58,21.6,21.07,,,,,0.023,silver,True,False,False,True,True
247852.0,pff-gc-077,"g,i,n,y",201.492357,-42.52725,30.91,19.76,19.25,675.0,41.0,n,1.0,0.9997,gold,True,True,True,True,True
,pff-gc-078,"g,i,n,o,u,y",201.493627,-43.135077,8.36,19.78,18.95,546.0,42.0,o,,,,False,False,False,False,True
,HGHH-G143,"d,g,i,n,o,q,r,u,y",201.494512,-43.119727,7.75,19.54,18.89,500.0,19.0,r,,,,False,False,False,False,True
248114.0,pff-gc-079,"g,i,l,n,o,r,u,x,y",201.495439,-42.88854,10.47,19.96,19.29,410.0,20.0,r,1.0,0.9985,gold,True,True,True,True,True
248311.0,GC0596,"r,y",201.497396,-42.814466,14.42,20.58,20.04,319.0,19.0,r,,0.9868,silver,True,True,True,True,True
,C104,"f,l,n,o,r,u,y",201.49784,-42.925183,8.8,20.15,19.51,448.0,97.0,r,,,,False,False,False,False,True
248396.0,pff-gc-080,"g,i,n,o,y",201.498168,-42.544245,29.96,20.22,19.69,616.0,123.0,o,,0.992,silver,True,True,True,True,True
,C173,"l,n,y",201.498244,-42.917052,9.18,21.94,21.11,,,,,,,False,False,False,False,True
,C174,"l,n,y",201.498519,-42.920997,9.01,22.17,21.31,,,,,,,False,False,False,False,True
,GC0479,q,201.499923,-42.999434,6.36,21.23,20.68,525.0,86.0,q,,,,False,False,False,False,True
248669.0,pff-gc-081,"g,i,n,o,y",201.500694,-42.816835,14.35,19.58,19.07,308.0,61.0,o,1.0,0.9999,gold,True,True,True,True,True
248848.0,GC0540,"r,y",201.50272,-42.819277,14.25,22.03,21.31,609.0,46.0,r,,1.0,bronze,True,True,False,True,True
,GC0347,"n,o,u,y",201.503361,-43.161123,9.82,20.57,19.78,314.0,157.0,o,,,,False,False,False,False,True
,C175,"l,n,y",201.503947,-42.974684,7.13,22.74,21.98,,,,,,,False,False,False,False,True
248981.0,pff-gc-082,"g,i,n,o,y",201.504048,-42.36763,40.44,19.69,18.85,593.0,42.0,o,1.0,0.9999,gold,True,True,True,True,True
,GC0350,"n,o,r,u,x,y",201.504139,-43.115358,7.9,20.42,19.74,517.0,99.0,r,,,,False,False,False,False,True
,HGHH-G221,"d,f,g,i,l,n,r,y",201.504604,-42.920374,9.22,19.76,19.0,383.0,12.0,r,,,,False,False,False,False,True
249109.0,GC0352,"n,o,y",201.505293,-43.570986,32.83,18.67,17.88,558.0,46.0,o,1.0,1.0,gold,True,True,True,True,True
,GC0541,"r,u,y",201.505617,-43.042999,6.3,21.45,20.65,471.0,30.0,r,,,,False,False,False,False,True
,pff-gc-083,"g,i,j,l,n,o,r,x,y",201.507601,-42.970804,7.39,20.28,19.52,458.0,31.0,r,,,,False,False,False,False,True
,pff-gc-084,"g,i,n,o,r,u,x,y",201.509375,-43.148794,9.44,20.25,19.46,457.0,38.0,r,,,,False,False,False,False,True
,GC0355,"n,o,x,y",201.510104,-43.003235,6.72,20.54,19.97,342.0,98.0,o,,,,False,False,False,False,True
,C176,"l,n,r,y",201.511684,-42.951348,8.19,21.79,21.35,326.0,93.0,r,,,,False,False,False,False,True
,HHH86-25,"c,f,g,h,i,l,n,o,r,u,y",201.511848,-42.949146,8.28,18.94,18.06,702.0,6.0,r,,,,False,False,False,False,True
,GC0358,"n,o,u,x,y",201.512044,-43.095261,7.52,20.81,19.97,506.0,50.0,o,,,,False,False,False,False,True
249857.0,250,"i,l,n,y",201.513333,-42.908361,10.01,,,,,,,,,False,False,False,True,False
,C178,"l,n,y",201.5161,-42.945923,8.54,22.14,21.53,,,,,,,False,False,False,False,True
,HGHH-G293,"d,f,g,i,l,n,o,r,u,y",201.517479,-42.929053,9.25,19.47,18.85,583.0,10.0,r,,,,False,False,False,False,True
,GC0362,"n,o,r,u,y",201.519197,-43.152831,9.91,20.44,19.88,264.0,131.0,r,,,,False,False,False,False,True
,GP80,"a,b",201.52002,-42.944148,8.75,,,571.0,25.0,b,,,,False,False,False,False,False
,C105,"f,l,n,y",201.521,-42.92675,9.46,,,,,,,,,False,False,False,False,False
,f1.GC-20,"i,l,r,y",201.522427,-42.922865,9.66,21.93,21.13,364.0,47.0,r,,,,False,False,False,False,True
,HHH86-7,"c,f,g,h,i,j,l,m,n,o,q,r,s,u,x,y",201.522537,-42.942304,8.9,17.47,16.86,594.0,11.0,s,,,,False,False,False,False,True
,C106,"f,n,u,y",201.525826,-42.945555,8.9,21.84,21.0,,,,,,,False,False,False,False,True
,pff-gc-085,"g,i,j,n,o,q,u,x,y",201.526725,-43.01057,7.33,19.74,19.16,557.0,40.0,q,,,,False,False,False,False,True
,pff-gc-086,"g,i,n,o,r,u,y",201.527276,-43.104029,8.36,20.4,19.62,439.0,25.0,r,,,,False,False,False,False,True
,GC0597,"r,u,y",201.527369,-43.118927,8.85,20.92,20.15,240.0,30.0,r,,,,False,False,False,False,True
251308.0,pff-gc-087,"g,i,n,o,y",201.528687,-42.554765,29.64,19.36,18.84,856.0,50.0,o,,0.06495,gold,True,False,False,True,True
,GC0371,"n,o,u,x,y",201.528878,-43.131284,9.35,20.81,20.08,364.0,56.0,o,,,,False,False,False,False,True
,HGHH-G170,"d,g,i,l,n,o,q,r,y",201.528947,-42.959647,8.53,20.06,18.87,652.0,8.0,r,,,,False,False,False,False,True
251657.0,HHH86-36,"c,g,i,j,l,m,n,o,r,s,x,y",201.532203,-42.866694,12.48,18.6,18.11,699.0,10.0,s,1.0,0.996,gold,True,True,True,True,True
,GC0373,"n,o,r,x,y",201.534884,-42.98854,8.02,20.45,19.77,586.0,46.0,r,,,,False,False,False,False,True
,GC0543,"r,u,y",201.535566,-43.079158,8.06,21.07,20.45,466.0,33.0,r,,,,False,False,False,False,True
,pff-gc-088,"g,i,n,o,u,y",201.536891,-43.0226,7.67,19.28,18.68,546.0,50.0,o,,,,False,False,False,False,True
252283.0,f1.GC-14,"i,l,r,u,y",201.539068,-42.888176,11.66,20.36,19.73,632.0,52.0,r,,0.9989,silver,True,True,True,True,True
252348.0,GC0598,"r,u,y",201.539737,-43.147886,10.35,20.46,19.65,483.0,67.0,r,,1.0,silver,True,True,True,True,True
,126,"i,n,o,u,y",201.540014,-43.118335,9.29,20.49,19.64,380.0,93.0,o,,,,False,False,False,False,True
252403.0,f1.GC-34,"i,l,w",201.54035,-42.888002,11.71,21.5,20.73,,,,,1.0,bronze,True,True,False,True,True
252419.0,R111,"g,n,o,r,y",201.5405,-42.841508,13.92,20.9,20.25,716.0,48.0,r,,0.023,silver,True,False,False,True,True
,C179,"l,n,u,y",201.541186,-42.94332,9.53,21.54,21.11,,,,,,,False,False,False,False,True
252710.0,f1.GC-21,"i,l",201.543856,-42.916715,10.6,22.36,21.51,,,,,1.0,bronze,True,True,False,True,True
252726.0,HHH86-37,"c,f,g,h,i,j,l,m,n,o,r,s,u,x,y",201.544081,-42.895154,11.51,18.86,18.12,608.0,10.0,s,,0.4249,gold,True,False,False,True,True
253178.0,GC0600,"r,y",201.548794,-43.268189,16.26,19.85,19.01,355.0,40.0,r,1.0,1.0,gold,True,True,True,True,True
253655.0,41,"i,j,n,u,y",201.553469,-43.152548,10.99,19.12,18.3,545.0,60.0,n,1.0,0.9999,gold,True,True,True,True,True
,194,"i,r,y",201.555507,-43.077994,8.86,21.1,20.25,184.0,43.0,r,,,,False,False,False,False,True
254198.0,64,"i,j,n,u,y",201.559166,-43.141774,10.78,19.51,18.88,506.0,123.0,n,1.0,0.9999,gold,True,True,True,True,True
254668.0,HHH86-26,"c,g,i,j,n,o,r,y",201.563629,-42.808137,16.15,18.55,17.77,377.0,11.0,r,1.0,0.9972,gold,True,True,True,True,True
255581.0,N25,"k,r,u,y",201.572034,-43.166064,12.13,22.2,21.0,473.0,39.0,r,,1.0,bronze,True,True,False,True,True
,C50,"i,j,n,o,r,u,x,y",201.581916,-43.055148,9.7,18.93,18.29,690.0,22.0,r,,,,False,False,False,False,True
256955.0,pff-gc-089,"g,i,j,n,o,u,y",201.58421,-43.176548,12.95,19.51,18.64,548.0,36.0,o,,1.0,silver,True,True,True,True,True
,pff-gc-090,"g,i,n,o,u,y",201.585548,-43.055129,9.86,19.57,18.88,519.0,56.0,o,,,,False,False,False,False,True
257155.0,GC0444,"r,u,y",201.585963,-42.896082,12.81,21.15,20.3,271.0,64.0,r,,0.0215,silver,True,False,False,True,True
257180.0,GC0387,"n,o,y",201.586148,-42.642176,25.46,19.97,19.36,527.0,48.0,o,,1.0,silver,True,True,True,True,True
257372.0,R107,"g,n,o,r,y",201.58798,-42.811374,16.6,20.13,19.41,430.0,23.0,r,,1.0,silver,True,True,True,True,True
,GC0603,"r,u,y",201.588052,-43.049811,9.93,20.97,19.95,506.0,56.0,r,,,,False,False,False,False,True
257373.0,pff-gc-091,"g,i,n,o,y",201.587994,-43.706802,41.57,19.75,19.11,669.0,57.0,o,,0.2172,silver,True,False,False,True,True
257457.0,pff-gc-092,"g,i,k,n,o,r,y",201.588757,-42.955272,10.98,20.57,19.56,453.0,23.0,r,,1.0,bronze,True,True,False,True,True
257498.0,f1.GC-9,"i,r,y",201.589025,-42.833105,15.6,21.07,20.63,439.0,28.0,r,,0.991,silver,True,True,True,True,True
257712.0,GC0546,"r,y",201.590547,-43.307993,19.24,21.61,20.87,507.0,84.0,r,,1.0,bronze,True,True,False,True,True
257829.0,R117,"g,n,o,r,u,y",201.591638,-42.895935,13.01,20.12,19.4,459.0,23.0,r,,1.0,silver,True,True,True,True,True
257833.0,R118,"g,n,u,y",201.591686,-42.907313,12.59,20.3,19.58,440.0,73.0,n,,1.0,silver,True,True,True,True,True
258119.0,pff-gc-093,"g,i,n,o,r,y",201.594381,-42.780474,18.28,19.84,19.39,575.0,41.0,r,1.0,0.9981,gold,True,True,True,True,True
258336.0,GC0547,"r,y",201.596145,-43.377534,23.02,21.54,20.7,521.0,57.0,r,,1.0,bronze,True,True,False,True,True
258605.0,79,"i,j,n,r,u,y",201.598404,-43.062174,10.48,19.99,19.02,470.0,66.0,r,,1.0,silver,True,True,True,True,True
258621.0,pff-gc-094,"g,i,n,o,y",201.598555,-43.012634,10.43,20.44,19.65,372.0,144.0,o,,1.0,silver,True,True,True,True,True
258671.0,HHH86-38,"c,g,i,j,m,n,r,s,x,y",201.599089,-42.900261,13.1,18.96,18.07,402.0,10.0,s,,1.0,silver,True,True,True,True,True
258860.0,C51,"i,r,y",201.600769,-42.783498,18.29,18.73,18.2,400.0,12.0,r,1.0,0.9891,gold,True,True,True,True,True
259456.0,pff-gc-095,"g,i,k,n,o,r,y",201.606236,-42.951677,11.77,20.16,19.21,406.0,18.0,r,,1.0,bronze,True,True,False,True,True
261052.0,R124,"g,n,o,y",201.62031,-42.876711,14.72,19.77,19.12,599.0,103.0,o,,1.0,bronze,True,True,False,True,True
261074.0,GC0549,"r,y",201.620454,-43.223498,16.04,21.56,20.66,459.0,31.0,r,,1.0,bronze,True,True,False,True,True
261167.0,164,"i,r,y",201.621266,-42.975303,11.87,20.89,20.12,818.0,45.0,r,,1.0,bronze,True,True,False,True,True
261741.0,pff-gc-096,"g,i,n,o,y",201.626225,-42.578209,29.68,20.11,19.43,483.0,122.0,o,1.0,0.9962,gold,True,True,True,True,True
261827.0,GC0551,"r,u,y",201.626878,-43.054253,11.65,20.99,20.33,349.0,91.0,r,,1.0,bronze,True,True,False,True,True
261994.0,GC0604,"r,y",201.628125,-42.754139,20.43,,,222.0,34.0,r,,,,False,False,False,True,False
263348.0,R105,"g,n,o,r,y",201.639785,-42.850196,16.41,20.22,19.61,534.0,33.0,r,1.0,0.9765,gold,True,True,True,True,True
265203.0,GC0552,"r,u,y",201.657,-43.177939,15.53,,,548.0,33.0,r,,,,False,False,False,True,False
266874.0,H12-78,"w,y,z",201.67228,-42.70391,24.01,18.18,17.66,627.0,1.0,z,1.0,0.9994,gold,True,True,True,True,True
266926.0,86,"i,j,k,n,r,y",201.672675,-43.190278,16.51,20.0,19.17,572.0,67.0,r,,1.0,silver,True,True,True,True,True
267276.0,N30,"k,r,y",201.675791,-43.286636,20.45,20.47,19.8,415.0,36.0,r,,0.9994,silver,True,True,True,True,True
268314.0,GC0555,"r,y",201.684771,-43.319598,22.2,20.28,19.6,336.0,33.0,r,1.0,0.9999,gold,True,True,True,True,True
268768.0,pff-gc-097,"g,i,n,o,y",201.689075,-43.442803,28.4,18.99,18.27,642.0,47.0,o,1.0,0.9998,gold,True,True,True,True,True
269055.0,N32,"k,r,y",201.691582,-43.194909,17.35,20.68,20.08,563.0,39.0,r,,0.9928,silver,True,True,True,True,True
272747.0,pff-gc-098,"g,n,o,r,y",201.724689,-43.321572,23.44,18.61,17.77,605.0,12.0,r,1.0,1.0,gold,True,True,True,True,True
272806.0,GC0605,"r,u,y",201.725275,-43.085036,16.19,19.87,19.19,948.0,64.0,r,,1.0,silver,True,True,True,True,True
273606.0,GC0558,"r,y",201.732638,-43.336506,24.33,19.69,18.94,616.0,25.0,r,1.0,0.9994,gold,True,True,True,True,True
275060.0,GC0410,"n,o,y",201.745507,-42.648139,28.61,20.51,20.12,655.0,112.0,o,,0.9539,silver,True,True,True,True,True
275492.0,pff-gc-099,"g,i,n,o,y",201.749328,-42.544544,33.92,20.18,19.7,538.0,80.0,o,1.0,0.9886,gold,True,True,True,True,True
276886.0,GC0559,"r,y",201.761928,-42.984643,17.76,19.83,19.16,278.0,29.0,r,1.0,1.0,gold,True,True,True,True,True
277144.0,pff-gc-100,"g,n,o,y",201.764233,-42.454746,38.98,18.88,18.09,527.0,31.0,o,,0.1226,gold,True,False,False,True,True
311153.0,pff-gc-102,"g,i,n,o,y",202.076936,-42.553438,42.65,19.66,19.03,576.0,119.0,o,,0.9676,gold,True,True,True,True,True
345370.0,KV19-442,z,202.432394,-42.391404,60.9,,,485.0,1.0,z,,,,False,False,False,True,False
